<raiz>
    <vehicle id="0" depart="0.00">
        <route edges="E_SN E_NS"/>
    </vehicle>
    <vehicle id="1" depart="5.00">
        <route edges="E_WL E_LE"/>
    </vehicle>
    <vehicle id="2" depart="10.00">
        <route edges="E_SW E_SE E_NE E_NW"/>
    </vehicle>
    <vehicle id="3" depart="15.00">
        <route edges="E_SE E_NE E_NW E_SW"/>
    </vehicle>
    <vehicle id="4" depart="20.00">
        <route edges="E_NE E_NW E_SW E_SE"/>
    </vehicle>
    <vehicle id="5" depart="25.00">
        <route edges="E_NW E_SW E_SE E_NE"/>
    </vehicle>
</raiz>
