timestamp,vehicle_id,edge_id,x,y,speed,signal_E_SN,signal_E_WL,travel_time,wait_time,queue_length
1.00,flow_ew_left_1.0,E_WL,14.30,98.40,0.00,G,r,,,1
2.00,flow_ew_left_1.0,E_WL,15.04,98.40,0.74,G,r,,,1
3.00,flow_ew_left_1.0,E_WL,16.44,98.40,1.40,G,r,,,0
4.00,flow_ew_left_1.0,E_WL,18.61,98.40,2.17,G,r,,,0
5.00,flow_ew_left_1.0,E_WL,21.72,98.40,3.11,G,r,,,0
6.00,flow_ew_left_1.0,E_WL,25.67,98.40,3.96,G,r,,,1
6.00,flow_ew_left_2.0,E_WL,14.30,98.40,0.00,G,r,,,1
7.00,flow_ew_left_1.0,E_WL,30.35,98.40,4.68,G,r,,,1
7.00,flow_ew_left_2.0,E_WL,15.17,98.40,0.87,G,r,,,1
8.00,flow_ew_left_1.0,E_WL,35.76,98.40,5.41,G,r,,,0
8.00,flow_ew_left_2.0,E_WL,17.01,98.40,1.84,G,r,,,0
9.00,flow_ew_left_1.0,E_WL,41.83,98.40,6.07,G,r,,,0
9.00,flow_ew_left_2.0,E_WL,19.53,98.40,2.52,G,r,,,0
10.00,flow_ew_left_1.0,E_WL,48.71,98.40,6.88,G,r,,,1
10.00,flow_ew_left_2.0,E_WL,22.70,98.40,3.17,G,r,,,1
10.00,flow_ew_straight_1.0,E_WL,14.30,98.40,0.00,G,r,,,1
11.00,flow_ew_left_1.0,E_WL,56.25,98.40,7.54,G,r,,,1
11.00,flow_ew_left_2.0,E_WL,26.69,98.40,3.99,G,r,,,1
11.00,flow_ew_straight_1.0,E_WL,14.78,98.40,0.48,G,r,,,1
12.00,flow_ew_left_1.0,E_WL,64.29,98.40,8.05,G,r,,,0
12.00,flow_ew_left_2.0,E_WL,31.22,98.40,4.53,G,r,,,0
12.00,flow_ew_straight_1.0,E_WL,15.79,98.40,1.00,G,r,,,0
13.00,flow_ew_left_1.0,E_WL,72.98,98.40,8.69,G,r,,,0
13.00,flow_ew_left_2.0,E_WL,36.30,98.40,5.07,G,r,,,0
13.00,flow_ew_straight_1.0,E_WL,17.70,98.40,1.91,G,r,,,0
14.00,flow_ew_left_1.0,E_WL,82.24,98.40,9.26,G,r,,,0
14.00,flow_ew_left_2.0,E_WL,42.19,98.40,5.89,G,r,,,0
14.00,flow_ew_straight_1.0,E_WL,20.20,98.40,2.50,G,r,,,0
15.00,flow_ew_left_1.0,E_WL,91.83,98.40,9.59,G,r,,,1
15.00,flow_ew_left_2.0,E_WL,49.05,98.40,6.87,G,r,,,1
15.00,flow_ew_left_3.0,E_WL,14.30,98.40,0.00,G,r,,,1
15.00,flow_ew_straight_1.0,E_WL,23.66,98.40,3.46,G,r,,,1
16.00,flow_ew_left_1.0,E_WL,96.83,98.40,5.00,G,r,,,1
16.00,flow_ew_left_2.0,E_WL,56.81,98.40,7.76,G,r,,,1
16.00,flow_ew_left_3.0,E_WL,14.92,98.40,0.62,G,r,,,1
16.00,flow_ew_straight_1.0,E_WL,28.01,98.40,4.35,G,r,,,1
17.00,flow_ew_left_1.0,E_WL,97.00,98.40,0.17,G,r,,,1
17.00,flow_ew_left_2.0,E_WL,65.52,98.40,8.71,G,r,,,1
17.00,flow_ew_left_3.0,E_WL,16.25,98.40,1.33,G,r,,,1
17.00,flow_ew_straight_1.0,E_WL,33.28,98.40,5.26,G,r,,,1
18.00,flow_ew_left_1.0,E_WL,97.00,98.40,0.00,G,r,,,1
18.00,flow_ew_left_2.0,E_WL,74.79,98.40,9.27,G,r,,,1
18.00,flow_ew_left_3.0,E_WL,18.10,98.40,1.85,G,r,,,1
18.00,flow_ew_straight_1.0,E_WL,39.30,98.40,6.03,G,r,,,1
19.00,flow_ew_left_1.0,E_WL,97.00,98.40,0.00,G,r,,,1
19.00,flow_ew_left_2.0,E_WL,84.37,98.40,9.58,G,r,,,1
19.00,flow_ew_left_3.0,E_WL,20.76,98.40,2.66,G,r,,,1
19.00,flow_ew_straight_1.0,E_WL,45.90,98.40,6.60,G,r,,,1
