<?xml version="1.0" encoding="UTF-8"?>

<!-- generated on 2025-06-27 19:21:06 by Eclipse SUMO netconvert Version 1.12.0
<configuration xmlns:xsi="http://www.w3.org/2001/XMLSchema-instance" xsi:noNamespaceSchemaLocation="http://sumo.dlr.de/xsd/netconvertConfiguration.xsd">

    <input>
        <node-files value="nodes.nod.xml"/>
        <edge-files value="edges.edg.xml"/>
    </input>

    <output>
        <output-file value="cross.net.xml"/>
    </output>

    <pedestrian>
        <sidewalks.guess value="true"/>
    </pedestrian>

    <report>
        <aggregate-warnings value="5"/>
    </report>

</configuration>
-->

<net version="1.9" junctionCornerDetail="5" limitTurnSpeed="5.50" xmlns:xsi="http://www.w3.org/2001/XMLSchema-instance" xsi:noNamespaceSchemaLocation="http://sumo.dlr.de/xsd/net_file.xsd">

    <location netOffset="100.00,100.00" convBoundary="0.00,0.00,300.00,250.00" origBoundary="-100.00,-100.00,200.00,150.00" projParameter="!"/>

    <edge id=":n1_0" function="internal">
        <lane id=":n1_0_0" index="0" disallow="pedestrian" speed="12.94" length="15.53" shape="107.39,194.87 104.86,197.92 103.05,201.26 101.96,204.91 101.60,208.85"/>
    </edge>
    <edge id=":n1_1" function="internal">
        <lane id=":n1_1_0" index="0" disallow="pedestrian" speed="7.29" length="11.59" shape="107.39,194.87 104.02,197.97 101.30,199.87 99.23,200.57 97.81,200.07"/>
    </edge>
    <edge id=":n1_2" function="internal">
        <lane id=":n1_2_0" index="0" disallow="pedestrian" speed="13.89" length="15.55" shape="101.60,193.30 101.60,208.85"/>
    </edge>
    <edge id=":n1_3" function="internal">
        <lane id=":n1_3_0" index="0" disallow="pedestrian" speed="5.64" length="3.88" shape="101.60,193.30 101.39,197.18"/>
    </edge>
    <edge id=":n1_4" function="internal">
        <lane id=":n1_4_0" index="0" disallow="pedestrian" speed="5.64" length="6.56" shape="101.39,197.18 101.36,197.68 100.65,200.27 99.47,201.07 97.81,200.07"/>
    </edge>
    <edge id=":n2_0" function="internal">
        <lane id=":n2_0_0" index="0" disallow="pedestrian" speed="6.51" length="9.03" shape="101.60,92.80 101.95,95.25 103.00,97.00 104.75,98.05 107.20,98.40"/>
    </edge>
    <edge id=":n2_1" function="internal">
        <lane id=":n2_1_0" index="0" disallow="pedestrian" speed="13.89" length="9.20" shape="101.60,92.80 101.60,102.00"/>
    </edge>
    <edge id=":n2_2" function="internal">
        <lane id=":n2_2_0" index="0" disallow="pedestrian" speed="13.89" length="9.20" shape="98.00,98.40 107.20,98.40"/>
    </edge>
    <edge id=":n2_3" function="internal">
        <lane id=":n2_3_0" index="0" disallow="pedestrian" speed="5.37" length="5.81" shape="98.00,98.40 99.57,98.62 100.70,99.30 101.38,100.43 101.60,102.00"/>
    </edge>
    <edge id=":n2_buffer_mask_sn_0" function="internal">
        <lane id=":n2_buffer_mask_sn_0_0" index="0" disallow="pedestrian" speed="5.56" length="9.40" shape="101.60,239.60 101.96,242.48 103.04,243.92 104.84,243.92 107.36,242.48"/>
    </edge>
    <edge id=":n3_0" function="internal">
        <lane id=":n3_0_0" index="0" disallow="pedestrian" speed="8.32" length="15.43" shape="96.04,1.70 98.35,0.54 101.30,1.02 104.90,3.14 109.16,6.90"/>
    </edge>
    <edge id=":n3_1" function="internal">
        <lane id=":n3_1_0" index="0" disallow="pedestrian" speed="6.29" length="13.39" shape="96.04,1.70 98.47,0.08 100.21,0.79 101.25,3.83 101.60,9.20"/>
    </edge>
    <edge id=":n4_0" function="internal">
        <lane id=":n4_0_0" index="0" disallow="pedestrian" speed="8.32" length="15.43" shape="1.70,103.96 0.54,101.65 1.02,98.70 3.14,95.10 6.90,90.84"/>
    </edge>
    <edge id=":n4_1" function="internal">
        <lane id=":n4_1_0" index="0" disallow="pedestrian" speed="6.29" length="13.39" shape="1.70,103.96 0.08,101.53 0.79,99.79 3.83,98.75 9.20,98.40"/>
    </edge>
    <edge id=":n5_0" function="internal">
        <lane id=":n5_0_0" index="0" disallow="pedestrian" speed="12.94" length="15.53" shape="194.87,92.61 197.92,95.14 201.26,96.95 204.91,98.04 208.85,98.40"/>
    </edge>
    <edge id=":n5_1" function="internal">
        <lane id=":n5_1_0" index="0" disallow="pedestrian" speed="7.29" length="11.59" shape="194.87,92.61 197.97,95.98 199.87,98.70 200.57,100.77 200.07,102.19"/>
    </edge>
    <edge id=":n5_2" function="internal">
        <lane id=":n5_2_0" index="0" disallow="pedestrian" speed="13.89" length="15.55" shape="193.30,98.40 208.85,98.40"/>
    </edge>
    <edge id=":n5_3" function="internal">
        <lane id=":n5_3_0" index="0" disallow="pedestrian" speed="5.64" length="3.88" shape="193.30,98.40 197.18,98.61"/>
    </edge>
    <edge id=":n5_4" function="internal">
        <lane id=":n5_4_0" index="0" disallow="pedestrian" speed="5.64" length="6.56" shape="197.18,98.61 197.68,98.64 200.27,99.35 201.07,100.53 200.07,102.19"/>
    </edge>

    <edge id="BUFFER_MASK_SN" from="n1" to="n2_buffer_mask_sn" priority="1">
        <lane id="BUFFER_MASK_SN_0" index="0" allow="pedestrian" speed="13.89" length="30.75" width="2.00" shape="104.20,208.85 104.20,239.60"/>
        <lane id="BUFFER_MASK_SN_1" index="1" disallow="pedestrian" speed="13.89" length="30.75" shape="101.60,208.85 101.60,239.60"/>
    </edge>
    <edge id="BUFFER_MASK_SN_EXIT" from="n2_buffer_mask_sn" to="n_exit" priority="1">
        <lane id="BUFFER_MASK_SN_EXIT_0" index="0" allow="pedestrian" speed="13.89" length="231.17" width="2.00" shape="105.80,240.40 290.73,101.70"/>
        <lane id="BUFFER_MASK_SN_EXIT_1" index="1" disallow="pedestrian" speed="13.89" length="231.17" shape="107.36,242.48 292.29,103.78"/>
    </edge>
    <edge id="E_EXIT" from="n5" to="n_exit" priority="1">
        <lane id="E_EXIT_0" index="0" allow="pedestrian" speed="13.89" length="80.98" width="2.00" shape="208.85,95.80 289.83,95.80"/>
        <lane id="E_EXIT_1" index="1" disallow="pedestrian" speed="13.89" length="80.98" shape="208.85,98.40 289.83,98.40"/>
    </edge>
    <edge id="E_LE" from="n2" to="n5" priority="1">
        <lane id="E_LE_0" index="0" allow="pedestrian" speed="13.89" length="86.10" width="2.00" shape="107.20,95.80 193.30,95.80"/>
        <lane id="E_LE_1" index="1" disallow="pedestrian" speed="13.89" length="86.10" shape="107.20,98.40 193.30,98.40"/>
    </edge>
    <edge id="E_NE" from="n5" to="n1" priority="1">
        <lane id="E_NE_0" index="0" allow="pedestrian" speed="13.89" length="131.07" width="2.00" shape="201.91,104.03 109.23,196.71"/>
        <lane id="E_NE_1" index="1" disallow="pedestrian" speed="13.89" length="131.07" shape="200.07,102.19 107.39,194.87"/>
    </edge>
    <edge id="E_NS" from="n2" to="n1" priority="1">
        <lane id="E_NS_0" index="0" allow="pedestrian" speed="13.89" length="91.30" width="2.00" shape="104.20,102.00 104.20,193.30"/>
        <lane id="E_NS_1" index="1" disallow="pedestrian" speed="13.89" length="91.30" shape="101.60,102.00 101.60,193.30"/>
    </edge>
    <edge id="E_NW" from="n1" to="n4" priority="1">
        <lane id="E_NW_0" index="0" allow="pedestrian" speed="13.89" length="135.92" width="2.00" shape="95.97,201.91 -0.14,105.80"/>
        <lane id="E_NW_1" index="1" disallow="pedestrian" speed="13.89" length="135.92" shape="97.81,200.07 1.70,103.96"/>
    </edge>
    <edge id="E_SE" from="n3" to="n5" priority="1">
        <lane id="E_SE_0" index="0" allow="pedestrian" speed="13.89" length="121.21" width="2.00" shape="111.00,5.06 196.71,90.77"/>
        <lane id="E_SE_1" index="1" disallow="pedestrian" speed="13.89" length="121.21" shape="109.16,6.90 194.87,92.61"/>
    </edge>
    <edge id="E_SN" from="n3" to="n2" priority="1">
        <lane id="E_SN_0" index="0" allow="pedestrian" speed="13.89" length="83.60" width="2.00" shape="104.20,9.20 104.20,92.80"/>
        <lane id="E_SN_1" index="1" disallow="pedestrian" speed="13.89" length="83.60" shape="101.60,9.20 101.60,92.80"/>
    </edge>
    <edge id="E_SW" from="n4" to="n3" priority="1">
        <lane id="E_SW_0" index="0" allow="pedestrian" speed="13.89" length="126.07" width="2.00" shape="5.06,89.00 94.20,-0.14"/>
        <lane id="E_SW_1" index="1" disallow="pedestrian" speed="13.89" length="126.07" shape="6.90,90.84 96.04,1.70"/>
    </edge>
    <edge id="E_WL" from="n4" to="n2" priority="1">
        <lane id="E_WL_0" index="0" allow="pedestrian" speed="13.89" length="88.80" width="2.00" shape="9.20,95.80 98.00,95.80"/>
        <lane id="E_WL_1" index="1" disallow="pedestrian" speed="13.89" length="88.80" shape="9.20,98.40 98.00,98.40"/>
    </edge>

    <tlLogic id="0" type="static" programID="0" offset="0">
        <phase duration="42" state="GGrr"/>
        <phase duration="3"  state="yyrr"/>
        <phase duration="42" state="rrGG"/>
        <phase duration="3"  state="rryy"/>
    </tlLogic>

    <junction id="n1" type="priority" x="100.00" y="200.00" incLanes="E_NE_0 E_NE_1 E_NS_0 E_NS_1" intLanes=":n1_0_0 :n1_1_0 :n1_2_0 :n1_4_0" shape="100.00,208.85 105.20,208.85 105.33,206.68 105.73,204.61 106.38,202.64 107.31,200.79 108.49,199.05 109.94,197.42 106.26,193.74 105.67,194.16 105.47,194.16 105.32,194.02 105.23,193.73 105.20,193.30 100.00,193.30 99.97,195.32 99.88,196.90 99.73,198.06 99.53,198.78 99.26,199.08 98.94,198.94 95.26,202.62 96.71,204.11 97.89,205.41 98.82,206.54 99.47,207.49 99.87,208.26">
        <request index="0" response="0000" foes="0100" cont="0"/>
        <request index="1" response="0000" foes="1100" cont="0"/>
        <request index="2" response="0011" foes="0011" cont="0"/>
        <request index="3" response="0010" foes="0010" cont="1"/>
    </junction>
    <junction id="n2" type="traffic_light" x="100.00" y="100.00" incLanes="E_SN_0 E_SN_1 E_WL_0 E_WL_1" intLanes=":n2_0_0 :n2_1_0 :n2_2_0 :n2_3_0" shape="100.00,102.00 105.20,102.00 105.42,100.89 105.70,100.50 106.09,100.22 106.59,100.06 107.20,100.00 107.20,94.80 106.09,94.58 105.70,94.30 105.42,93.91 105.26,93.41 105.20,92.80 100.00,92.80 99.78,93.91 99.50,94.30 99.11,94.58 98.61,94.74 98.00,94.80 98.00,100.00 99.11,100.22 99.50,100.50 99.78,100.89 99.94,101.39">
        <request index="0" response="0000" foes="0100" cont="0"/>
        <request index="1" response="0000" foes="1100" cont="0"/>
        <request index="2" response="0011" foes="0011" cont="0"/>
        <request index="3" response="0010" foes="0010" cont="0"/>
    </junction>
    <junction id="n2_buffer_mask_sn" type="priority" x="100.00" y="250.00" incLanes="BUFFER_MASK_SN_0 BUFFER_MASK_SN_1" intLanes=":n2_buffer_mask_sn_0_0" shape="108.32,243.76 105.20,239.60 100.00,239.60 100.23,242.60 100.92,244.68 102.08,245.84 103.70,246.07 105.78,245.38">
        <request index="0" response="0" foes="0" cont="0"/>
    </junction>
    <junction id="n3" type="priority" x="100.00" y="0.00" incLanes="E_SW_0 E_SW_1" intLanes=":n3_0_0 :n3_1_0" shape="100.00,9.20 105.20,9.20 105.51,7.29 105.91,6.91 106.46,6.90 107.16,7.28 108.03,8.03 111.71,4.35 107.95,0.96 104.48,-1.43 101.30,-2.80 98.41,-3.16 95.81,-2.51 93.49,-0.85 97.17,2.83 98.74,2.28 99.29,3.01 99.69,4.40 99.92,6.47">
        <request index="0" response="00" foes="00" cont="0"/>
        <request index="1" response="00" foes="00" cont="0"/>
    </junction>
    <junction id="n4" type="priority" x="0.00" y="100.00" incLanes="E_NW_0 E_NW_1" intLanes=":n4_0_0 :n4_1_0" shape="-0.85,106.51 2.83,102.83 2.28,101.26 3.01,100.71 4.40,100.31 6.47,100.08 9.20,100.00 9.20,94.80 7.29,94.49 6.91,94.09 6.90,93.54 7.28,92.84 8.03,91.97 4.35,88.29 0.96,92.05 -1.43,95.52 -2.80,98.70 -3.16,101.59 -2.51,104.19">
        <request index="0" response="00" foes="00" cont="0"/>
        <request index="1" response="00" foes="00" cont="0"/>
    </junction>
    <junction id="n5" type="priority" x="200.00" y="100.00" incLanes="E_SE_0 E_SE_1 E_LE_0 E_LE_1" intLanes=":n5_0_0 :n5_1_0 :n5_2_0 :n5_4_0" shape="208.85,100.00 208.85,94.80 206.68,94.67 204.61,94.27 202.64,93.62 200.79,92.69 199.05,91.51 197.42,90.06 193.74,93.74 194.16,94.33 194.16,94.53 194.02,94.68 193.73,94.77 193.30,94.80 193.30,100.00 195.32,100.03 196.90,100.12 198.06,100.27 198.78,100.47 199.08,100.74 198.94,101.06 202.62,104.74 204.11,103.29 205.41,102.11 206.54,101.18 207.49,100.53 208.26,100.13">
        <request index="0" response="0000" foes="0100" cont="0"/>
        <request index="1" response="0000" foes="1100" cont="0"/>
        <request index="2" response="0011" foes="0011" cont="0"/>
        <request index="3" response="0010" foes="0010" cont="1"/>
    </junction>
    <junction id="n_exit" type="dead_end" x="300.00" y="100.00" incLanes="E_EXIT_0 E_EXIT_1 BUFFER_MASK_SN_EXIT_0 BUFFER_MASK_SN_EXIT_1" intLanes="" shape="289.83,94.80 289.83,100.00 290.53,100.10 290.66,100.22 290.63,100.40 290.46,100.62 290.13,100.90 293.25,105.06 296.96,101.93 298.95,99.36 299.24,97.36 297.81,95.94 294.68,95.08"/>

    <junction id=":n1_4_0" type="internal" x="101.39" y="197.18" incLanes=":n1_3_0 E_NE_1" intLanes=":n1_1_0"/>
    <junction id=":n5_4_0" type="internal" x="197.18" y="98.61" incLanes=":n5_3_0 E_SE_1" intLanes=":n5_1_0"/>

    <connection from="BUFFER_MASK_SN" to="BUFFER_MASK_SN_EXIT" fromLane="1" toLane="1" via=":n2_buffer_mask_sn_0_0" dir="r" state="M"/>
    <connection from="E_LE" to="E_EXIT" fromLane="1" toLane="1" via=":n5_2_0" dir="s" state="m"/>
    <connection from="E_LE" to="E_NE" fromLane="1" toLane="1" via=":n5_3_0" dir="l" state="m"/>
    <connection from="E_NE" to="BUFFER_MASK_SN" fromLane="1" toLane="1" via=":n1_0_0" dir="r" state="M"/>
    <connection from="E_NE" to="E_NW" fromLane="1" toLane="1" via=":n1_1_0" dir="l" state="M"/>
    <connection from="E_NS" to="BUFFER_MASK_SN" fromLane="1" toLane="1" via=":n1_2_0" dir="s" state="m"/>
    <connection from="E_NS" to="E_NW" fromLane="1" toLane="1" via=":n1_3_0" dir="l" state="m"/>
    <connection from="E_NW" to="E_SW" fromLane="1" toLane="1" via=":n4_0_0" dir="L" state="M"/>
    <connection from="E_NW" to="E_WL" fromLane="1" toLane="1" via=":n4_1_0" dir="l" state="M"/>
    <connection from="E_SE" to="E_EXIT" fromLane="1" toLane="1" via=":n5_0_0" dir="r" state="M"/>
    <connection from="E_SE" to="E_NE" fromLane="1" toLane="1" via=":n5_1_0" dir="l" state="M"/>
    <connection from="E_SN" to="E_LE" fromLane="1" toLane="1" via=":n2_0_0" tl="0" linkIndex="0" dir="r" state="O"/>
    <connection from="E_SN" to="E_NS" fromLane="1" toLane="1" via=":n2_1_0" tl="0" linkIndex="1" dir="s" state="O"/>
    <connection from="E_SW" to="E_SE" fromLane="1" toLane="1" via=":n3_0_0" dir="L" state="M"/>
    <connection from="E_SW" to="E_SN" fromLane="1" toLane="1" via=":n3_1_0" dir="l" state="M"/>
    <connection from="E_WL" to="E_LE" fromLane="1" toLane="1" via=":n2_2_0" tl="0" linkIndex="2" dir="s" state="o"/>
    <connection from="E_WL" to="E_NS" fromLane="1" toLane="1" via=":n2_3_0" tl="0" linkIndex="3" dir="l" state="o"/>

    <connection from=":n1_0" to="BUFFER_MASK_SN" fromLane="0" toLane="1" dir="r" state="M"/>
    <connection from=":n1_1" to="E_NW" fromLane="0" toLane="1" dir="l" state="M"/>
    <connection from=":n1_2" to="BUFFER_MASK_SN" fromLane="0" toLane="1" dir="s" state="M"/>
    <connection from=":n1_3" to="E_NW" fromLane="0" toLane="1" via=":n1_4_0" dir="l" state="m"/>
    <connection from=":n1_4" to="E_NW" fromLane="0" toLane="1" dir="l" state="M"/>
    <connection from=":n2_0" to="E_LE" fromLane="0" toLane="1" dir="r" state="M"/>
    <connection from=":n2_1" to="E_NS" fromLane="0" toLane="1" dir="s" state="M"/>
    <connection from=":n2_2" to="E_LE" fromLane="0" toLane="1" dir="s" state="M"/>
    <connection from=":n2_3" to="E_NS" fromLane="0" toLane="1" dir="l" state="M"/>
    <connection from=":n2_buffer_mask_sn_0" to="BUFFER_MASK_SN_EXIT" fromLane="0" toLane="1" dir="r" state="M"/>
    <connection from=":n3_0" to="E_SE" fromLane="0" toLane="1" dir="L" state="M"/>
    <connection from=":n3_1" to="E_SN" fromLane="0" toLane="1" dir="l" state="M"/>
    <connection from=":n4_0" to="E_SW" fromLane="0" toLane="1" dir="L" state="M"/>
    <connection from=":n4_1" to="E_WL" fromLane="0" toLane="1" dir="l" state="M"/>
    <connection from=":n5_0" to="E_EXIT" fromLane="0" toLane="1" dir="r" state="M"/>
    <connection from=":n5_1" to="E_NE" fromLane="0" toLane="1" dir="l" state="M"/>
    <connection from=":n5_2" to="E_EXIT" fromLane="0" toLane="1" dir="s" state="M"/>
    <connection from=":n5_3" to="E_NE" fromLane="0" toLane="1" via=":n5_4_0" dir="l" state="m"/>
    <connection from=":n5_4" to="E_NE" fromLane="0" toLane="1" dir="l" state="M"/>

</net>
