<edges>
    <edge id="E_SN" from="n3" to="n2" priority="1"/>
    <edge id="E_NS" from="n2" to="n1" priority="1"/>
    <edge id="E_WL" from="n4" to="n2" priority="1"/>
    <edge id="E_LE" from="n2" to="n5" priority="1"/>
    <edge id="E_SE" from="n3" to="n5" priority="1"/>
    <edge id="E_NE" from="n5" to="n1" priority="1"/>
    <edge id="E_NW" from="n1" to="n4" priority="1"/>
    <edge id="E_SW" from="n4" to="n3" priority="1"/>
    <edge id="E_EXIT" from="n5" to="n_exit" priority="1"/>

    <!-- ✅ Redireciona BUFFER_MASK_SN para o "desaparecimento" final -->
    <edge id="BUFFER_MASK_SN" from="n1" to="n2_buffer_mask_sn" priority="1"/>
    <edge id="BUFFER_MASK_SN_EXIT" from="n2_buffer_mask_sn" to="n_exit" priority="1"/>
</edges>
