<routes>
  <vType id="car" accel="1.0" decel="5.0" sigma="0.5" length="5" maxSpeed="25"/>

  <!-- Rotas -->
  <route id="r_sn_straight" edges="E_SW E_SN E_NS E_NW E_SW"/>
  <route id="r_sn_right"    edges="E_SW E_SN E_LE E_EXIT"/>
  <route id="r_ew_straight" edges="E_WL E_LE E_EXIT"/>
  <route id="r_ew_left"     edges="E_WL E_NS E_NW E_SW"/>

  <!-- Fluxos com intercalação EWL, ESW, EWL, EWL, ESW... -->
  <flow id="flow_ew_left_1"     type="car" route="r_ew_left"     begin="0"   period="6"/>
  <flow id="flow_sn_straight_1" type="car" route="r_sn_straight" begin="1"   period="30"/>

  <flow id="flow_ew_left_2"     type="car" route="r_ew_left"     begin="2"   period="6"/>
  <flow id="flow_ew_straight_1" type="car" route="r_ew_straight" begin="3"   period="8"/>

  <flow id="flow_sn_right_1"    type="car" route="r_sn_right"    begin="4"   period="36"/>
  <flow id="flow_ew_left_3"     type="car" route="r_ew_left"     begin="5"   period="6"/>

  <flow id="flow_ew_straight_2" type="car" route="r_ew_straight" begin="6"   period="10"/>

  <flow id="flow_ew_left_5"     type="car" route="r_ew_straight" begin="7"   period="6"/>
  <flow id="flow_ew_left_4"     type="car" route="r_ew_left"     begin="8"   period="6"/>
  <flow id="flow_sn_right_2"    type="car" route="r_sn_right"    begin="9"   period="38"/>

  <flow id="flow_ew_straight_3" type="car" route="r_ew_straight" begin="10"  period="12"/>
</routes>
