<?xml version="1.0" encoding="UTF-8"?>
<!-- Copyright (C) 2013 ApPeAL Group, Politecnico di Torino This file is 
	part of TraCI4J. TraCI4J is free software: you can redistribute it and/or 
	modify it under the terms of the GNU General Public License as published 
	by the Free Software Foundation, either version 3 of the License, or (at 
	your option) any later version. TraCI4J is distributed in the hope that it 
	will be useful, but WITHOUT ANY WARRANTY; without even the implied warranty 
	of MERCHANTABILITY or FITNESS FOR A PARTICULAR PURPOSE. See the GNU General 
	Public License for more details. You should have received a copy of the GNU 
	General Public License along with TraCI4J. If not, see <http://www.gnu.org/licenses/>. -->

<traciClass>
	<name>Edge</name>

	<javadoc>
	Representation of an edge in the SUMO environment. It contains one or more lanes.
	@see &lt;a href="http://sumo.dlr.de/wiki/Networks/SUMO_Road_Networks#Edges_and_Lanes"&gt;SUMO documentation&lt;/a&gt;
	@see &lt;a href="http://sumo.dlr.de/wiki/TraCI/Edge_Value_Retrieval"&gt;TraCI documentation&lt;/a&gt;
	@author Enrico Gueli &amp;lt;enrico.gueli@polito.it&amp;gt;
	</javadoc>

	<repos>
	</repos>

	<command>sim.traci4j.src.java.it.polito.appeal.traci.protocol.Constants.CMD_GET_EDGE_VARIABLE
	</command>

	<readQueries>
		<readQuery>
			<name>ReadGlobalTravelTime</name>
			<enum>TRAVEL_TIME</enum>
			<const>sim.traci4j.src.java.it.polito.appeal.traci.protocol.Constants.VAR_EDGE_TRAVELTIME
			</const>
			<query>ReadGlobalTravelTimeQuery</query>
			<returnType></returnType>
			<dynamic>false</dynamic>
		</readQuery>
		<readQuery>
			<name>ReadCO2Emission</name>
			<enum>CO2_EMISSION</enum>
			<const>sim.traci4j.src.java.it.polito.appeal.traci.protocol.Constants.VAR_CO2EMISSION
			</const>
			<query>ReadObjectVarQuery.DoubleQ</query>
			<returnType>java.lang.Double</returnType>
			<dynamic>true</dynamic>
		</readQuery>
		<readQuery>
			<name>ReadCOEmission</name>
			<enum>CO_EMISSION</enum>
			<const>sim.traci4j.src.java.it.polito.appeal.traci.protocol.Constants.VAR_COEMISSION
			</const>
			<query>ReadObjectVarQuery.DoubleQ</query>
			<returnType>java.lang.Double</returnType>
			<dynamic>true</dynamic>
		</readQuery>
		<readQuery>
			<name>ReadHCEmission</name>
			<enum>HC_EMISSION</enum>
			<const>sim.traci4j.src.java.it.polito.appeal.traci.protocol.Constants.VAR_HCEMISSION
			</const>
			<query>ReadObjectVarQuery.DoubleQ</query>
			<returnType>java.lang.Double</returnType>
			<dynamic>true</dynamic>
		</readQuery>
		<readQuery>
			<name>ReadPMXEmission</name>
			<enum>PMX_EMISSION</enum>
			<const>sim.traci4j.src.java.it.polito.appeal.traci.protocol.Constants.VAR_PMXEMISSION
			</const>
			<query>ReadObjectVarQuery.DoubleQ</query>
			<returnType>java.lang.Double</returnType>
			<dynamic>true</dynamic>
		</readQuery>
		<readQuery>
			<name>ReadNOXEmission</name>
			<enum>NOX_EMISSION</enum>
			<const>sim.traci4j.src.java.it.polito.appeal.traci.protocol.Constants.VAR_NOXEMISSION
			</const>
			<query>ReadObjectVarQuery.DoubleQ</query>
			<returnType>java.lang.Double</returnType>
			<dynamic>true</dynamic>
		</readQuery>
		<readQuery>
			<name>ReadFuelConsumption</name>
			<enum>FUEL_CONSUMPTION</enum>
			<const>sim.traci4j.src.java.it.polito.appeal.traci.protocol.Constants.VAR_FUELCONSUMPTION
			</const>
			<query>ReadObjectVarQuery.DoubleQ</query>
			<returnType>java.lang.Double</returnType>
			<dynamic>true</dynamic>
		</readQuery>
		<readQuery>
			<name>ReadNoiseEmission</name>
			<enum>NOISE_EMISSION</enum>
			<const>sim.traci4j.src.java.it.polito.appeal.traci.protocol.Constants.VAR_NOISEEMISSION
			</const>
			<query>ReadObjectVarQuery.DoubleQ</query>
			<returnType>java.lang.Double</returnType>
			<dynamic>true</dynamic>
		</readQuery>
	</readQueries>

	<changeStateQueries>
		<changeStateQuery>
			<name>ChangeTravelTime</name>
			<query>ChangeGlobalTravelTimeQuery</query>
			<affects>
				<affect>ReadGlobalTravelTime</affect>
			</affects>
		</changeStateQuery>
	</changeStateQueries>
</traciClass>
