<?xml version="1.0" encoding="UTF-8"?>
<!-- Copyright (C) 2013 ApPeAL Group, Politecnico di Torino This file is 
	part of TraCI4J. TraCI4J is free software: you can redistribute it and/or 
	modify it under the terms of the GNU General Public License as published 
	by the Free Software Foundation, either version 3 of the License, or (at 
	your option) any later version. TraCI4J is distributed in the hope that it 
	will be useful, but WITHOUT ANY WARRANTY; without even the implied warranty 
	of MERCHANTABILITY or FITNESS FOR A PARTICULAR PURPOSE. See the GNU General 
	Public License for more details. You should have received a copy of the GNU 
	General Public License along with TraCI4J. If not, see <http://www.gnu.org/licenses/>. -->

<traciClass>
	<name>Route</name>

	<javadoc>
	Representation of a route in the SUMO environment.
	@see &lt;a href="http://sumo.dlr.de/wiki/Definition_of_Vehicles,_Vehicle_Types,_and_Routes#Vehicle_Types"&gt;SUMO documentation&lt;/a&gt;
	@see &lt;a href="http://sumo.dlr.de/wiki/TraCI/Route_Value_Retrieval"&gt;TraCI documentation&lt;/a&gt;
	@author Enrico Gueli &amp;lt;enrico.gueli@polito.it&amp;gt;
	</javadoc>

	<repos>
	<repo>Edge</repo></repos>
	
	<command>sim.traci4j.src.java.it.polito.appeal.traci.protocol.Constants.CMD_GET_ROUTE_VARIABLE</command>

	<readQueries>
		<readQuery>
			<name>ReadRoute</name>
			<enum>ROUTE</enum>
			<const>sim.traci4j.src.java.it.polito.appeal.traci.protocol.Constants.VAR_EDGES</const>
			<query>RouteQuery</query>
			<returnType>java.util.List&lt;Edge&gt;</returnType>
			<dynamic>false</dynamic>
		</readQuery>
	</readQueries>

	<changeStateQueries>
	</changeStateQueries>
</traciClass>
